[{"model": "admin.logentry", "pk": 1, "fields": {"action_time": "2023-02-01T17:29:32.694Z", "user": 1, "content_type": 7, "object_id": "1", "object_repr": "Crime", "action_flag": 1, "change_message": "[{\"added\": {}}]"}}, {"model": "admin.logentry", "pk": 2, "fields": {"action_time": "2023-02-01T17:29:44.757Z", "user": 1, "content_type": 7, "object_id": "2", "object_repr": "Detective fiction", "action_flag": 1, "change_message": "[{\"added\": {}}]"}}, {"model": "admin.logentry", "pk": 3, "fields": {"action_time": "2023-02-01T17:29:51.945Z", "user": 1, "content_type": 7, "object_id": "3", "object_repr": "Science fiction", "action_flag": 1, "change_message": "[{\"added\": {}}]"}}, {"model": "admin.logentry", "pk": 4, "fields": {"action_time": "2023-02-01T17:30:02.082Z", "user": 1, "content_type": 7, "object_id": "4", "object_repr": "Post-apocalyptic", "action_flag": 1, "change_message": "[{\"added\": {}}]"}}, {"model": "admin.logentry", "pk": 5, "fields": {"action_time": "2023-02-01T17:30:08.502Z", "user": 1, "content_type": 7, "object_id": "5", "object_repr": "Cyberpunk", "action_flag": 1, "change_message": "[{\"added\": {}}]"}}, {"model": "admin.logentry", "pk": 6, "fields": {"action_time": "2023-02-01T17:31:00.357Z", "user": 1, "content_type": 7, "object_id": "6", "object_repr": "Fantasy", "action_flag": 1, "change_message": "[{\"added\": {}}]"}}, {"model": "admin.logentry", "pk": 7, "fields": {"action_time": "2023-02-01T17:31:05.999Z", "user": 1, "content_type": 7, "object_id": "7", "object_repr": "Western", "action_flag": 1, "change_message": "[{\"added\": {}}]"}}, {"model": "admin.logentry", "pk": 8, "fields": {"action_time": "2023-02-01T17:31:10.844Z", "user": 1, "content_type": 7, "object_id": "8", "object_repr": "Horror", "action_flag": 1, "change_message": "[{\"added\": {}}]"}}, {"model": "admin.logentry", "pk": 9, "fields": {"action_time": "2023-02-01T17:31:15.881Z", "user": 1, "content_type": 7, "object_id": "9", "object_repr": "Classic", "action_flag": 1, "change_message": "[{\"added\": {}}]"}}, {"model": "admin.logentry", "pk": 10, "fields": {"action_time": "2023-02-01T17:31:23.768Z", "user": 1, "content_type": 7, "object_id": "10", "object_repr": "Fairy tale", "action_flag": 1, "change_message": "[{\"added\": {}}]"}}, {"model": "admin.logentry", "pk": 11, "fields": {"action_time": "2023-02-01T17:31:38.204Z", "user": 1, "content_type": 11, "object_id": "1", "object_repr": "Russian", "action_flag": 1, "change_message": "[{\"added\": {}}]"}}, {"model": "admin.logentry", "pk": 12, "fields": {"action_time": "2023-02-01T17:32:06.617Z", "user": 1, "content_type": 11, "object_id": "2", "object_repr": "English", "action_flag": 1, "change_message": "[{\"added\": {}}]"}}, {"model": "admin.logentry", "pk": 13, "fields": {"action_time": "2023-02-01T17:32:44.210Z", "user": 1, "content_type": 11, "object_id": "3", "object_repr": "French", "action_flag": 1, "change_message": "[{\"added\": {}}]"}}, {"model": "admin.logentry", "pk": 14, "fields": {"action_time": "2023-02-01T17:33:00.093Z", "user": 1, "content_type": 11, "object_id": "4", "object_repr": "Deutsch", "action_flag": 1, "change_message": "[{\"added\": {}}]"}}, {"model": "admin.logentry", "pk": 15, "fields": {"action_time": "2023-02-01T17:33:09.666Z", "user": 1, "content_type": 11, "object_id": "5", "object_repr": "Italian", "action_flag": 1, "change_message": "[{\"added\": {}}]"}}, {"model": "admin.logentry", "pk": 16, "fields": {"action_time": "2023-02-01T17:33:27.879Z", "user": 1, "content_type": 11, "object_id": "6", "object_repr": "Ukrainian", "action_flag": 1, "change_message": "[{\"added\": {}}]"}}, {"model": "admin.logentry", "pk": 17, "fields": {"action_time": "2023-02-01T17:33:32.247Z", "user": 1, "content_type": 11, "object_id": "7", "object_repr": "Polish", "action_flag": 1, "change_message": "[{\"added\": {}}]"}}, {"model": "admin.logentry", "pk": 18, "fields": {"action_time": "2023-02-01T17:33:43.690Z", "user": 1, "content_type": 11, "object_id": "8", "object_repr": "Chinese", "action_flag": 1, "change_message": "[{\"added\": {}}]"}}, {"model": "admin.logentry", "pk": 19, "fields": {"action_time": "2023-02-01T17:33:51.891Z", "user": 1, "content_type": 11, "object_id": "9", "object_repr": "Japanese", "action_flag": 1, "change_message": "[{\"added\": {}}]"}}, {"model": "admin.logentry", "pk": 20, "fields": {"action_time": "2023-02-01T17:38:49.152Z", "user": 1, "content_type": 10, "object_id": "1", "object_repr": "Толстой Лев", "action_flag": 1, "change_message": "[{\"added\": {}}]"}}, {"model": "admin.logentry", "pk": 21, "fields": {"action_time": "2023-02-01T17:39:51.027Z", "user": 1, "content_type": 10, "object_id": "2", "object_repr": "Оруэлл Джордж", "action_flag": 1, "change_message": "[{\"added\": {}}]"}}, {"model": "admin.logentry", "pk": 22, "fields": {"action_time": "2023-02-01T17:40:36.852Z", "user": 1, "content_type": 10, "object_id": "3", "object_repr": "Джойс Джеймс", "action_flag": 1, "change_message": "[{\"added\": {}}]"}}, {"model": "admin.logentry", "pk": 23, "fields": {"action_time": "2023-02-01T17:41:38.765Z", "user": 1, "content_type": 10, "object_id": "4", "object_repr": "Набоков Владимир", "action_flag": 1, "change_message": "[{\"added\": {}}]"}}, {"model": "admin.logentry", "pk": 24, "fields": {"action_time": "2023-02-01T17:43:31.801Z", "user": 1, "content_type": 8, "object_id": "1", "object_repr": "Война и Мир", "action_flag": 1, "change_message": "[{\"added\": {}}]"}}, {"model": "admin.logentry", "pk": 25, "fields": {"action_time": "2023-02-01T17:45:08.022Z", "user": 1, "content_type": 9, "object_id": "f1f32cc4-d078-43ed-9a65-9cc91d2408aa", "object_repr": "f1f32cc4-d078-43ed-9a65-9cc91d2408aa: (Война и Мир)", "action_flag": 1, "change_message": "[{\"added\": {}}]"}}, {"model": "admin.logentry", "pk": 26, "fields": {"action_time": "2023-02-01T17:55:32.109Z", "user": 1, "content_type": 9, "object_id": "f1f32cc4-d078-43ed-9a65-9cc91d2409aa", "object_repr": "f1f32cc4-d078-43ed-9a65-9cc91d2409aa: (Война и Мир)", "action_flag": 1, "change_message": "[{\"added\": {}}]"}}, {"model": "admin.logentry", "pk": 27, "fields": {"action_time": "2023-02-01T17:55:54.231Z", "user": 1, "content_type": 9, "object_id": "f1f32cc4-d070-43ed-9a65-9cc91d2408aa", "object_repr": "f1f32cc4-d070-43ed-9a65-9cc91d2408aa: (Война и Мир)", "action_flag": 1, "change_message": "[{\"added\": {}}]"}}, {"model": "admin.logentry", "pk": 28, "fields": {"action_time": "2023-02-01T17:57:14.017Z", "user": 1, "content_type": 8, "object_id": "2", "object_repr": "1984", "action_flag": 1, "change_message": "[{\"added\": {}}]"}}, {"model": "admin.logentry", "pk": 29, "fields": {"action_time": "2023-02-01T18:03:27.046Z", "user": 1, "content_type": 8, "object_id": "3", "object_repr": "Лолита", "action_flag": 1, "change_message": "[{\"added\": {}}]"}}, {"model": "admin.logentry", "pk": 30, "fields": {"action_time": "2023-02-01T18:04:19.004Z", "user": 1, "content_type": 9, "object_id": "b200f8fa-1658-4953-b3d8-17cf22f66e69", "object_repr": "b200f8fa-1658-4953-b3d8-17cf22f66e69: (Лолита)", "action_flag": 1, "change_message": "[{\"added\": {}}]"}}, {"model": "admin.logentry", "pk": 31, "fields": {"action_time": "2023-02-01T19:18:07.694Z", "user": 1, "content_type": 8, "object_id": "3", "object_repr": "Лолита", "action_flag": 2, "change_message": "[{\"changed\": {\"fields\": [\"Genre\"]}}]"}}, {"model": "admin.logentry", "pk": 32, "fields": {"action_time": "2023-02-02T15:32:09.346Z", "user": 1, "content_type": 3, "object_id": "1", "object_repr": "Library Members", "action_flag": 1, "change_message": "[{\"added\": {}}]"}}, {"model": "admin.logentry", "pk": 33, "fields": {"action_time": "2023-02-02T15:33:09.362Z", "user": 1, "content_type": 4, "object_id": "2", "object_repr": "Oleg", "action_flag": 1, "change_message": "[{\"added\": {}}]"}}, {"model": "admin.logentry", "pk": 34, "fields": {"action_time": "2023-02-02T15:36:22.344Z", "user": 1, "content_type": 4, "object_id": "2", "object_repr": "Oleg", "action_flag": 2, "change_message": "[{\"changed\": {\"fields\": [\"First name\", \"Last name\", \"Email address\", \"Groups\"]}}]"}}, {"model": "admin.logentry", "pk": 35, "fields": {"action_time": "2023-02-02T17:51:17.458Z", "user": 1, "content_type": 9, "object_id": "612afa2d-fda2-4cbf-80bf-7f61ecd196ca", "object_repr": "612afa2d-fda2-4cbf-80bf-7f61ecd196ca: (1984)", "action_flag": 1, "change_message": "[{\"added\": {}}]"}}, {"model": "admin.logentry", "pk": 36, "fields": {"action_time": "2023-02-02T17:52:20.716Z", "user": 1, "content_type": 9, "object_id": "612afa2d-fda2-7cbf-80bf-7f61ecd196ca", "object_repr": "612afa2d-fda2-7cbf-80bf-7f61ecd196ca: (Война и Мир)", "action_flag": 1, "change_message": "[{\"added\": {}}]"}}, {"model": "admin.logentry", "pk": 37, "fields": {"action_time": "2023-02-02T18:17:41.445Z", "user": 1, "content_type": 3, "object_id": "1", "object_repr": "Library Members", "action_flag": 2, "change_message": "[{\"changed\": {\"fields\": [\"Permissions\"]}}]"}}, {"model": "admin.logentry", "pk": 38, "fields": {"action_time": "2023-02-02T19:02:53.081Z", "user": 1, "content_type": 3, "object_id": "1", "object_repr": "Library Members", "action_flag": 2, "change_message": "[]"}}, {"model": "admin.logentry", "pk": 39, "fields": {"action_time": "2023-02-02T19:05:54.521Z", "user": 1, "content_type": 4, "object_id": "2", "object_repr": "Oleg", "action_flag": 2, "change_message": "[{\"changed\": {\"fields\": [\"User permissions\"]}}]"}}, {"model": "admin.logentry", "pk": 40, "fields": {"action_time": "2023-02-02T19:06:32.204Z", "user": 1, "content_type": 4, "object_id": "3", "object_repr": "Test", "action_flag": 1, "change_message": "[{\"added\": {}}]"}}, {"model": "auth.group", "pk": 1, "fields": {"name": "Library Members", "permissions": [45]}}, {"model": "auth.user", "pk": 1, "fields": {"password": "pbkdf2_sha256$390000$U0NM7MlFnzSmDBPLKngbsR$PpIWQcDHGZCaslDyI95H6PcQ6izxqn3AmNZ43iw06qs=", "last_login": "2023-02-06T12:18:06.878Z", "is_superuser": true, "username": "Alex", "first_name": "", "last_name": "", "email": "xei201@yandex.ru", "is_staff": true, "is_active": true, "date_joined": "2023-02-01T17:25:44.700Z", "groups": [], "user_permissions": []}}, {"model": "auth.user", "pk": 2, "fields": {"password": "pbkdf2_sha256$390000$qafIdPg3EnHauKhIloiffj$F2Rm1pjQ8LvcLcNlKovlMSBkwoWatYvMCfKHnEytRhM=", "last_login": "2023-02-03T14:31:04.798Z", "is_superuser": false, "username": "Oleg", "first_name": "Igor", "last_name": "Volkov", "email": "Igor1956@yandex.ru", "is_staff": false, "is_active": true, "date_joined": "2023-02-02T15:33:09Z", "groups": [1], "user_permissions": [45]}}, {"model": "auth.user", "pk": 3, "fields": {"password": "pbkdf2_sha256$390000$jWFVrh8z6iIvRIGduDiQIL$8bhFWNPn1iDC6PmXOXzsASUeh4rbAW4nXyEy+BJjXLs=", "last_login": "2023-02-06T12:04:46.579Z", "is_superuser": false, "username": "Test", "first_name": "", "last_name": "", "email": "", "is_staff": false, "is_active": true, "date_joined": "2023-02-02T19:06:32.024Z", "groups": [], "user_permissions": []}}, {"model": "sessions.session", "pk": "e5k3qit342k666hogd8epw67hud8d684", "fields": {"session_data": ".eJxVjEsOgjAUAO_y1qYplRZk6d4zNO9XqZ-SUHBjvLshYcN2ZjJfKOs7fnLNS4WhPUHEdRnjWnWOWWCABg6MkJ9aNiEPLPfJ8FSWOZPZErPbam6T6Ou6t4fBiHXctq02TWCWxBdPibySdd6lwH1niTpNEtoznsU6dj0TqlhG6xNKZwM5-P0BtBs-Xg:1pP2Ld:5IyEpGmQTnzzP_KS1lBb6LsNZVAx3yLIxzCjyvhnf0E", "expire_date": "2023-02-20T14:19:57.117Z"}}, {"model": "catalog.genre", "pk": 1, "fields": {"name": "Crime"}}, {"model": "catalog.genre", "pk": 2, "fields": {"name": "Detective fiction"}}, {"model": "catalog.genre", "pk": 3, "fields": {"name": "Science fiction"}}, {"model": "catalog.genre", "pk": 4, "fields": {"name": "Post-apocalyptic"}}, {"model": "catalog.genre", "pk": 5, "fields": {"name": "Cyberpunk"}}, {"model": "catalog.genre", "pk": 6, "fields": {"name": "Fantasy"}}, {"model": "catalog.genre", "pk": 7, "fields": {"name": "Western"}}, {"model": "catalog.genre", "pk": 8, "fields": {"name": "Horror"}}, {"model": "catalog.genre", "pk": 9, "fields": {"name": "Classic"}}, {"model": "catalog.genre", "pk": 10, "fields": {"name": "Fairy tale"}}, {"model": "catalog.genre", "pk": 11, "fields": {"name": "Army"}}, {"model": "catalog.language", "pk": 1, "fields": {"name": "Russian"}}, {"model": "catalog.language", "pk": 2, "fields": {"name": "English"}}, {"model": "catalog.language", "pk": 3, "fields": {"name": "French"}}, {"model": "catalog.language", "pk": 4, "fields": {"name": "Deutsch"}}, {"model": "catalog.language", "pk": 5, "fields": {"name": "Italian"}}, {"model": "catalog.language", "pk": 6, "fields": {"name": "Ukrainian"}}, {"model": "catalog.language", "pk": 7, "fields": {"name": "Polish"}}, {"model": "catalog.language", "pk": 8, "fields": {"name": "Chinese"}}, {"model": "catalog.language", "pk": 9, "fields": {"name": "Japanese"}}, {"model": "catalog.autor", "pk": 1, "fields": {"first_name": "Лев", "last_name": "Толстой", "date_of_birth": "1828-09-09", "date_of_death": "1910-11-20"}}, {"model": "catalog.autor", "pk": 2, "fields": {"first_name": "Джордж", "last_name": "Оруэлл", "date_of_birth": "1903-06-03", "date_of_death": "1950-01-21"}}, {"model": "catalog.autor", "pk": 3, "fields": {"first_name": "Джеймс", "last_name": "Джойс", "date_of_birth": "1882-02-02", "date_of_death": "1941-01-13"}}, {"model": "catalog.autor", "pk": 4, "fields": {"first_name": "Владимир", "last_name": "Набоков", "date_of_birth": "1899-04-22", "date_of_death": "1997-07-02"}}, {"model": "catalog.autor", "pk": 6, "fields": {"first_name": "Олег", "last_name": "Волков", "date_of_birth": "2022-12-10", "date_of_death": null}}, {"model": "catalog.autor", "pk": 7, "fields": {"first_name": "Test", "last_name": "Test", "date_of_birth": "2080-12-10", "date_of_death": "2022-12-10"}}, {"model": "catalog.autor", "pk": 8, "fields": {"first_name": "User", "last_name": "GG", "date_of_birth": "1980-12-10", "date_of_death": "2022-12-10"}}, {"model": "catalog.book", "pk": 1, "fields": {"title": "Война и Мир", "author": 1, "isbn": "8340320523553", "summary": "Роман Льва Николаевича Толстого «Война и мир» писался в 1863-1869 годах. Для ознакомления с основными сюжетными линиями романа, предлагаем учащимся 10 класса и всем, кто интересуется русской литературой, прочитать краткое содержание «Война и мир» по главам и частям онлайн.\r\n«Война и мир» относится к литературному направлению реализм: в книге подробно описан ряд ключевых исторических событий, изображены типичные для российского общества персонажи, основной конфликт – «герой и общество». Жанр произведения роман эпопея: «Война и мир» включает в себя как признаки романа (наличие нескольких сюжетных линий, описание развития персонажей и кризисных моментов в их судьбе), так и эпопеи (глобальные исторические события, всеохватывающий характер изображения действительности). В романе Толстой затрагивает многие «вечные» темы: любви, дружбы, отцов и детей, поиска смысла жизни, противостояния войны и мира как в глобальном смысле, так и в душах героев.", "language": 1, "genre": [9]}}, {"model": "catalog.book", "pk": 2, "fields": {"title": "1984", "author": 2, "isbn": "2342132151325", "summary": "Для подавления массовых волнений Океании правящая партия заново воссоздает прошлое и настоящее. За каждым гражданином неусыпно наблюдают, каждому с помощью телевидения промывают мозги. И даже двое любовников вынуждены скрывать свои чувства, поскольку секс и межличностные отношения объявлены вне закона.", "language": 2, "genre": [3]}}, {"model": "catalog.book", "pk": 3, "fields": {"title": "Лолита", "author": 4, "isbn": "2345234523452", "summary": "Гумберт Гумберт, тридцати­се­милетний преподаватель французской литературы, испытывает неординарную склонность к нимфеткам, как он их называет — очарова­тельным девочкам от девяти до четырнадцати лет. Давнее детское впечатление наделило его этим подпольным переживанием, отвращающим от более зрелых женщин. Действие романа-исповеди, который пишет находящийся в тюрьме Гумберт, относится к лету 1947 г. За десять лет до этого, живя в Париже, он был женат, но жена оставила его ради русского полковника-эмигранта как раз накануне его переезда в Америку. Там он принимал участие в разных исследо­ва­тельских проектах, лечился в санаториях от меланхолии и вот, выйдя из очередной больницы, снял в Новой Англии дом у госпожи Шарлотты Гейз. У хозяйки двенадца­тилетняя дочь Долорес — Ло, Лолита, напоминание о той детской влюбленности Гумберта, потеря которой придала его эротической жизни столь странное направление.", "language": 2, "genre": [6, 8]}}, {"model": "catalog.book", "pk": 4, "fields": {"title": "War", "author": null, "isbn": "12345678912", "summary": "test", "language": null, "genre": []}}, {"model": "catalog.bookinstance", "pk": "612afa2d-fda2-4cbf-80bf-7f61ecd196ca", "fields": {"book": 2, "imprint": "123", "due_back": "2023-02-28", "borrower": 2, "status": "o"}}, {"model": "catalog.bookinstance", "pk": "612afa2d-fda2-7cbf-80bf-7f61ecd196ca", "fields": {"book": 1, "imprint": "324", "due_back": "2023-02-03", "borrower": 2, "status": "o"}}, {"model": "catalog.bookinstance", "pk": "b200f8fa-1658-4953-b3d8-17cf22f66e69", "fields": {"book": 3, "imprint": "1967", "due_back": "2023-02-18", "borrower": null, "status": "o"}}, {"model": "catalog.bookinstance", "pk": "f1f32cc4-d070-43ed-9a65-9cc91d2408aa", "fields": {"book": 1, "imprint": "1980", "due_back": null, "borrower": null, "status": "r"}}, {"model": "catalog.bookinstance", "pk": "f1f32cc4-d078-43ed-9a65-9cc91d2408aa", "fields": {"book": 1, "imprint": "Волков Олег", "due_back": "2023-02-20", "borrower": null, "status": "o"}}, {"model": "catalog.bookinstance", "pk": "f1f32cc4-d078-43ed-9a65-9cc91d2409aa", "fields": {"book": 1, "imprint": "1998", "due_back": null, "borrower": null, "status": "m"}}]